Term,Frequency
natural,7
language,27
processing,9
and,86
artificial,6
intelligence,6
commonly,3
known,1
as,18
nlp,21
is,37
an,13
important,14
area,1
of,42
that,10
focuses,2
on,13
enabling,2
computers,6
to,42
understand,5
process,5
analyze,3
generate,5
human,7
beings,1
communicate,1
through,1
languages,7
such,12
english,3
hindi,1
assamese,1
bengali,1
tamil,1
telugu,1
marathi,1
many,8
other,9
however,4
information,28
in,42
numerical,3
symbolic,1
forms,1
provides,3
methods,5
help,5
bridge,1
the,75
gap,1
between,6
communication,2
computer,6
systems,22
it,6
combines,1
ideas,2
from,11
science,1
linguistics,1
statistics,1
machine,10
learning,6
history,1
began,1
with,11
rule,1
based,2
approaches,2
early,1
researchers,3
attempted,1
represent,2
using,6
manually,2
written,2
grammar,4
rules,6
dictionaries,3
logical,1
structures,2
these,9
could,2
perform,2
specific,3
tasks,6
when,11
were,2
carefully,2
designed,1
but,4
they,5
often,6
struggled,1
complexity,1
ambiguity,6
a,90
single,1
sentence,16
can,41
have,7
different,4
interpretations,1
depending,1
its,7
context,6
words,26
also,7
multiple,5
meanings,4
meaning,5
may,30
change,2
surrounding,2
sentences,6
challenges,4
encouraged,1
develop,2
statistical,4
text,24
one,13
fundamental,3
stages,1
system,15
before,2
document,23
usually,2
needs,2
be,15
cleaned,1
transformed,1
into,7
suitable,2
representation,5
common,8
preprocessing,4
operations,2
include,7
converting,1
lowercase,1
removing,1
unnecessary,1
punctuation,2
handling,1
numbers,2
eliminating,1
extra,1
spaces,1
dividing,1
smaller,2
units,2
are,9
called,2
tokens,3
tokenization,5
performed,1
at,2
word,30
level,2
or,22
divides,2
individual,2
while,7
stop,5
removal,3
another,8
operation,1
frequent,3
contribute,1
less,1
for,20
particular,3
analysis,18
examples,2
should,2
not,6
always,2
applied,1
some,1
applications,4
function,1
provide,2
useful,8
therefore,5
decision,1
remove,1
depends,3
purpose,1
application,3
term,10
frequency,15
simple,3
technique,1
understanding,4
content,2
measures,3
how,3
occurs,4
if,3
twenty,3
times,1
table,1
show,1
which,4
terms,5
occur,2
most,5
frequently,3
identify,10
themes,1
topics,1
example,7
about,3
contain,5
data,7
model,9
research,3
basic,2
program,2
implemented,1
dictionary,4
python,1
first,2
reads,1
file,1
then,2
performs,1
extracts,1
each,1
used,4
key,1
occurrence,1
count,3
stored,2
corresponding,1
value,1
appears,4
time,2
initialized,1
same,3
again,1
increased,1
by,2
after,1
complete,1
contains,4
every,1
values,1
sorted,1
containing,2
thousands,2
hundreds,1
unique,1
displaying,1
top,1
makes,2
easier,1
dominant,1
vocabulary,2
high,3
does,1
mean,1
appear,2
because,5
writing,2
style,1
repeated,1
grammatical,8
patterns,5
combined,1
techniques,4
deeper,1
extension,1
inverse,2
tf,3
idf,3
considers,1
across,4
collection,3
documents,6
rarely,1
receive,2
score,2
this,5
property,1
classification,8
retrieval,5
search,7
similarity,1
challenge,1
cannot,1
directly,1
way,1
humans,2
do,2
traditional,2
convert,1
representations,9
bag,1
represented,1
according,1
their,3
frequencies,1
order,3
generally,1
ignored,1
two,1
similar,4
even,2
embedding,1
embeddings,1
vectors,1
space,1
vector,1
glove,1
fasttext,1
been,1
widely,2
learn,4
large,4
collections,2
capture,2
certain,1
relationships,5
modern,7
neural,5
models,12
use,9
more,7
advanced,3
contextual,2
depend,2
morphological,2
studies,1
internal,1
structure,1
root,2
additional,1
parts,2
express,2
plural,1
marker,1
stemming,1
attempts,6
reduce,2
stem,1
lemmatization,1
find,1
base,1
form,2
variation,1
related,3
segmentation,2
task,1
need,4
where,1
ends,1
begins,1
approach,3
consider,4
marks,3
periods,2
question,8
exclamation,1
boundaries,1
fail,1
abbreviations,2
decimal,1
website,1
addresses,1
contexts,1
part,1
speech,1
tagging,3
assigns,3
categories,6
noun,3
verb,2
adjective,1
adverb,1
pronoun,1
preposition,1
conjunction,1
determiner,1
researcher,2
developed,3
pos,2
including,1
parsing,1
extraction,5
answering,5
translation,8
named,2
entity,4
recognition,3
ner,2
identifies,2
entities,3
mentioned,1
them,2
typical,1
person,2
organization,2
location,2
date,2
money,1
types,1
dr,1
p,2
j,2
abdul,2
kalam,2
worked,1
isro,2
india,2
news,3
engines,2
customer,4
support,2
structured,1
unstructured,1
extract,1
people,3
organizations,2
locations,1
dates,1
events,1
facts,1
article,1
company,2
opening,2
new,2
office,1
name,1
city,1
involved,1
extracted,1
databases,1
knowledge,4
graphs,1
further,1
major,3
spam,3
detection,3
sentiment,7
topic,1
feedback,2
classify,2
email,1
legitimate,1
review,1
positive,2
negative,2
neutral,1
labeled,1
training,4
identifying,1
opinions,1
emotions,1
attitudes,1
expressed,2
product,2
reviews,1
social,2
media,2
messages,2
surveys,1
service,1
was,3
excellent,1
staff,1
very,1
helpful,1
expresses,2
contrast,1
damaged,1
delivery,1
late,1
experiences,1
complaints,1
attempt,1
answers,1
questions,3
retrieve,2
relevant,5
passages,1
answer,5
combine,3
augmented,1
generation,3
rag,1
retrieved,2
external,1
source,1
generated,1
contained,1
original,3
parameters,1
visible,1
aims,2
translate,2
preserving,2
earlier,1
relied,1
heavily,2
linguistic,2
uses,2
networks,1
parallel,1
handle,2
although,2
low,1
resource,1
remain,1
challenging,1
limited,1
multilingual,5
especially,1
countries,1
several,1
shared,1
differences,1
morphology,1
available,1
resources,2
indic,1
present,2
interesting,1
differ,1
substantially,1
rich,1
building,1
quality,6
datasets,1
improving,1
changed,1
field,1
significantly,1
trained,2
summarize,1
write,1
code,2
assist,1
transformer,2
architecture,1
foundation,2
transformers,1
attention,3
mechanisms,2
efficiently,1
mechanism,1
allows,1
determine,2
input,1
token,1
bank,1
refer,1
financial,1
institution,1
side,1
river,1
intended,1
self,1
sequence,1
difficult,2
problems,2
lexical,1
has,1
syntactic,2
than,1
interpretation,1
semantic,3
involves,1
possible,1
pragmatic,1
speaker,1
intention,1
real,1
world,1
resolve,1
ambiguities,1
naturally,1
require,2
learned,1
face,1
noisy,1
informal,1
spelling,4
variations,2
emojis,1
hashtags,1
incomplete,1
mixed,1
user,3
standard,1
cover,1
all,1
robust,1
improve,1
performance,1
evaluation,3
essential,1
measuring,1
accuracy,1
precision,2
recall,2
evaluated,3
automatic,1
metrics,2
bleu,1
measure,1
results,1
summarization,5
overlap,1
judgments,1
relevance,1
fluency,1
factual,2
consistency,2
produce,2
shorter,1
version,1
extractive,2
selects,1
phrases,1
abstractive,2
main,1
simpler,1
preserve,1
wording,1
summaries,1
introduce,1
errors,3
controlled,1
spell,2
checking,3
practical,2
millions,1
checker,1
suggests,1
alternatives,1
recommend,1
corrections,1
edit,1
distance,1
tools,1
education,2
professional,1
preparation,1
rely,1
enters,1
query,5
interpret,1
involve,2
correction,1
intent,2
relationship,1
technology,1
increasingly,3
exact,1
chatbots,1
virtual,1
assistants,1
conversational,2
receives,1
message,1
determines,1
likely,2
retrieves,1
generates,1
produces,1
response,2
effective,1
turns,1
manage,1
dialogue,1
state,1
ambiguous,1
access,1
safety,1
plays,1
role,1
poor,1
incorrect,1
unwanted,1
biases,2
inappropriate,1
associations,1
dataset,1
construction,1
requires,1
careful,1
cleaning,2
annotation,2
validation,1
annotators,2
label,1
sentiments,1
pairs,1
clear,1
guidelines,1
necessary,1
maintain,1
ethical,1
considerations,1
reproduce,1
inaccurate,1
reflect,1
stereotypes,1
developers,1
fairness,1
privacy,2
transparency,1
accountability,1
responsible,1
personal,1
protect,1
sensitive,1
follow,1
appropriate,1
practices,1
future,1
capable,1
multimodal,2
aware,1
images,1
audio,1
video,1
sources,1
image,1
both,1
visual,1
textual,1
evidence,1
accessibility,1
scientific,1
areas,1
responsibly,1
conclusion,1
work,1
helps,1
students,1
programs,1
prepares,1
study,1
